sector,mean_ann_n2,std_ann_n2,t_stat_n2,mean_ann_n3,std_ann_n3,t_stat_n3,mean_ann_n4,std_ann_n4,t_stat_n4
Energy,-0.00012201583386403322,0.0230043061724149,-0.03953059320591628,-0.0002444951933014254,0.036627623385824336,-0.04824534976799951,,,
Meats,0.016321986136394167,0.032665504007216906,3.8421618470775853,0.019500292548945756,0.042966476657543724,3.078191270655165,,,
Metals,-0.003733498512448496,0.00636778603506062,-4.215978406206789,-0.006481251001255332,0.008886043078297655,-4.441351663360364,,,
Grains,0.024035667811971306,0.029072066821146096,5.040544446244906,0.026430230632769176,0.03867548383726959,3.961088112014131,,,
Oilseeds,0.00714776316904873,0.020024325326033293,2.413427614602941,0.014133126788603604,0.03418766257754071,2.8918819653610877,,,
Softs,0.0033471347574366124,0.016880675426772962,1.2088546495474088,0.005313331477857421,0.02556991152815989,1.1989711681402022,,,
Ind_Materials,0.019877266953674387,0.04020769095031651,2.7011554392160324,0.03060412654807093,0.05502869196285937,2.871735672724696,,,
EW_All,0.010592518389031035,0.012198467108315455,4.812315096178115,0.013513786877792476,0.01804746549179786,4.083876572915852,,,
